link,title,author_link,author,page,fandom,subtitle,text,likes
/readfic/9513532?source=premium&premiumVisit=1,Пер-Лашез,/authors/4417464,Лиловая зефирка,1,Фантастические твари,Часть 1. Утро не такое уж и доброе,"Сквозь кружевные занавески в комнату пробивались первые солнечные лучи, на покрытом чуть потрепанной, но все еще красивой скатертью столе стояла чашка какао, простая белая тарелка с ломтиком вчерашнего яблочного штруделя и ваза с несколькими веточками сирени, которые распространяли по комнате свежий аромат.

Девушка лет двадцати пяти на вид сидела на стуле и помешивала ложечкой какао, глядя в пустоту. В ее голове мелькали тысячи мыслей: почему ее сестра не понимает, какая опасность может ей грозить из-за отношений с не-магом? И где, черт возьми, ее вообще носит в такую рань? Почему так давно нет новостей от Ньюта? Когда выйдет его книга? Когда, в конце концов, приедет он сам?

Поток ее мыслей прервал стук в окно. Тина вздрогнула и, обернувшись, увидела бурую с белым почтовую сову, сидевшую на карнизе. К ее лапке был привязан воскресный номер магической газеты. Отвязав газету и угостив сову штруделем, старшая Голдштейн прямо у окна развернула газету и сдавленно охнула. С первой страницы на нее смотрели смущенный Ньют и улыбающиеся Лита Лестрейндж и Тесеус Саламандер. Заголовок под колдографией гласил: «Торжественная свадьба Ньютона Саламандера и Литы Лестрейндж состоится в начале июля».

Тина будто бы оглохла. Но отойти от пережитого шока ей не дала вторая сова. Изящная серо-белая полярная сова легко приземлилась на место первой, и протянула лапку с привязанным к ней конвертом. Тина взяла конверт и на грубой коричневой бумаге увидела несколько марок с видами Лондона и надпись:

ОТ: Куинни Голдштейн
Великобритания, Лондон
Джеймс-стрит, д. 11

ДЛЯ: Порпентина Голдштейн
США, Нью-Йорк
Грин-роуд, д. 15

Дрожащими руками Тина вскрыла конверт и развернула листок розоватой бумаги, на которой так часто делала записи Куинни.

"" Дорогая Тинни!
Прости, что не сказала тебе, что уезжаю — я знаю, что в таком случае ты пыталась бы меня остановить. Но здесь, в Британии, совсем другие порядки! Не-маги и волшебники могут законно общаться и заводить семьи. И мне, и Якобу тут будет лучше. Мы останемся у Ньюта на пару дней, а затем снимем дом где-нибудь на окраине Лондона.
Пожалуйста, не волнуйся за меня.
Твоя Куинни ""

Тупая боль от прочтения письма эхом разносилась от грудной клетки до головы. Но времени на слезы и гнев не было — начальство еще несколько дней назад предупредило Тину, что собирается дать ей ответственную миссию в другой стране, и теперь ей надо наведаться в МАКУСА и узнать все детали задания, а главное — город, в который ее отправят. У нее нет права на ошибку.

С тяжестью на сердце аврор накинула на плечи форменный черный плащ, взяла палочку и, выйдя в прихожую, трансгрессировала к дверям министерства.",24
/readfic/9513532?source=premium&premiumVisit=1,Пер-Лашез,/authors/4417464,Лиловая зефирка,1,Фантастические твари,Часть 2. Из Нью-Йорка в Париж,"Несмотря на ранний час и выходной день, в МАКУСА было достаточно много волшебников, в особенности мракоборцев. Повлиял ли на это побег Грин-де-Вальда или веретеница странных разрушений в нескольких крупных городах — понять было сложно. Но накаленная до предела атмосфера, суровые, холодные лица работников и неведенье совсем не утешали Голдштейн.

   Погрузившись в невеселые мысли, Тина вошла в лифт и в ответ на очередное ироничное замечание Рыжего ответила:
— В Штаб-квартиру мракоборцев. Это срочно.
Недовольно вздохнув, эльф нажал на одну из многочисленных кнопок лифта. Тот тронулся и повез Тину в неизвестность.

   Через минуту (Но Голдштейн показалось, что времени прошло куда больше) лифт рывком остановился, а позолоченные двери с коротким скрипом и дребезжанием распахнулись. Тина вздохнула и пошла по темному коридору с полом из черного мрамора. Пройдя прямо по коридору и свернув направо, девушка постучала в темную дубовую дверь с табличкой, которая гласила:

           Персиваль Грейвс
   Глава мракоборческого отдела

— Входите, — раздался из-за двери чуть хриплый низкий голос.
Тина повернула бронзовую полированную ручку и переступила через порог. Она оказалась в полутемном кабинете. Мебель из темного дуба, несколько картин с портретами выдающихся авроров прошлого века и винно-красная обивка кресел — все это придавало комнате сходство если не с приемной секретаря премьер-министра, то с рабочим кабинетом какого-нибудь значимого человека.

   За столом сидел мистер Грейвс. После заточения у Грин-де-Вальда он заметно исхудал, в его волосах прибавилось седины, а под глазами залегли темные круги. Несмотря на это его взгляд и поза выражали спокойствие с сосредоточенность, как и раньше. Перед столом стояло несколько кресел, в двух уже сидели представительного вида мужчина и женщина, которых Тина не знала.

Мужчине на вид было около сорока, проницательные карие глаза, короткие каштановые волосы, широкие плечи, облаченные в кожаный коричневый пиджак — его внешний вид сразу же внушал трепет и уважение.

Женщина же была ненамного старше Голдштейн — ей было около тридцати. Ее иссиня-черные волосы перевязывала малиновая лента, а глаза бутылочно-зеленого цвета светились добродушием.

— Мисс Голдштейн, — Персиваль кивнул в знак приветствия и жестом указал на свободное кресло.
— Здравствуйте, мистер Грейвс, — ответила Тина и села слева от зеленоглазой женщины.

— Итак, мисс Голдштейн, знакомьтесь — это Эрл Браун, — Грейвс кивнул в сторону широкоплечего мужчины — и Пенелопа Уайтхаус, — он указал на сидевшую рядом с Тиной женщину. — мистер Браун, Мисс Уайтхаус — это Порпентина Голдштейн, один из лучших авроров.
— Порпентина Голдштейн? Так это вы помогли поймать Геллерта Грин-де-Вальда в прошлом году? — спросил Эрл. В его глазах мелькнул интерес вперемешку с уважением.
Тина скованно кивнула в ответ.

После знакомства Персиваль начал говорить:
— Итак, мисс Голдшейн. Как я вам говорил несколько дней назад, у нас для вас особая миссия. В Париже недавно был зарегистрирован очередной всплеск темной магической активности. По нашим сведениям, его источник — обскур, живущий в теле Криденса Бэрбоуна…
— Криденс? — удивленно воскликнула Тина — Но мистер Грейвс, он же…
— Как оказалось, нет. Часть его души умудрилась выжить, сохранив тем самым не только Криденса, но и его обскура. Мы знаем только то, что он в Париже, но это пока. Вам необходимо отправится туда сегодня же, иначе… — Грейвс вздохнул. — ...кое-кто может добраться до него раньше. Из всех людей он доверяет лишь вам. Вам и… и Геллерту.
— Так вы хотите, чтобы я… — Тина запнулась.
— Я хочу, чтобы вы уговорили Криденса вернутся сюда. От ваших действий ситуация может резко поменяться. Если он пойдет с вами, то мы, возможно, сможем отделить от него обскура и так спасем сотни, а может и тысячи жизней. Если он попадет в руки Грин-де-Вальда и его последователей, то может обратиться в самое страшное магическое оружие, какое только может быть. Такой исход вполне возможен — вы ведь знаете, как Грин-де-Вальд умеет убеждать, верно? А если не произойдет ни того, ни другого, то его просто-напросто убьют французские мракоборцы. Видите ли, они видят в нем только монстра, никак не человека. Теперь вы понимаете, насколько это задание важно для всего магического сообщества?

Тина понимала. От этого становилось еще страшнее. Она проглотила ком в горле, вздохнула и подняла взгляд на Грейвса.
— Да, я понимаю. Когда мне отправляться в Париж?
— Ровно через два часа. Переговорите с мистером Брауном и мисс Уайтхаус. Они разъяснят вам все детали. И удачи, мисс Голдштейн.

Персиваль улыбнулся ей, пожал руки Эрлу и Пенелопе и вышел из кабинета.
— Итак, мисс Голдштейн, — начала Пенелопа — мы здесь, чтобы помочь вам безопасно попасть во Францию.
— Безопасно? Но какая мне может угрожать опасность? — переспросила Тина.
— Вы же не думаете, что сторонники Грин-де-Вальда так легко уступят вам человека, у которого внутри живет столь мощная сущность? — спросила Уайтхаус. — Нет, милая моя, они всеми силами будут пытаться не дать вам узнать о местоположении обскура. В худшем случае они могут похитить вас или даже убить. Именно поэтому я очень вас прошу не иметь никаких дел с незнакомыми вам людьми в Париже. Те, кому можно доверять, записаны здесь.
Пенелопа протянула Голдштейн сложенный в несколько раз листок.
— Там же вы сможете найти другие необходимые сведенья. Мы заколдовали листок так, что он будет показывать записанную информацию только после прикосновения вашей руки. Попробуйте.

   Тина развернула листок и увидела, как на желтоватой поверхности проявляются темно-синие буквы, из которых складываются имена, адреса и другие необходимые для миссии данные.
Голдштейн убрала листок в карман плаща и спросила у Пенелопы:
— А как я доберусь до Парижа? Боюсь, я не смогу трансгрессировать так далеко. К тому же, я там никогда не была…
На ее вопрос ответил Эрл.
— Об этом не беспокойтесь, — спокойно сказал он. — Нас позвали как раз для того, чтобы обеспечить вам безопасную транспортировку. Приходите к девяти часам к кафе «Глория» на Хай-стрит. Мы будем ждать вас там.

  Тина вышла из МАКУСА около семи тридцати утра. На небе сгущались серые, словно пепел, тучи, вот-вот должен пойти дождь. Тина стала еще более мрачной, чем до встречи с Персивалем, Эрлом и Пенелопой. Такая ответственность в одно мгновение навалилась на ее плечи… Справится ли она?

   Старшая Голдштейн зашла в подворотню и трансгрессировала к дверям дома. Когда она открыла дверь в квартиру, то не почувствовала ни запаха пирога, ни теплых объятий сестры, и от этого и так плохое настроение испортилось окончательно. Глубоко вздохнув, Тина быстро сделала чай, доела последний ломтик яблочного штруделя, собрала самые необходимые вещи в черный чемодан. Девушка последний раз окинула взглядом уже как будто чужую квартиру, еле слышно всхлипнула, вышла и заперла за собой дверь.

   Тина всегда отличалась пунктуальностью, так что без пяти девять она уже была на Хай-стрит возле кафе «Глория». Не прошло и минуты, как из-за угла появились мистер Браун и мисс Уайтхаус.
— О, вы уже здесь, — сказала Уайтхаус с приветливой улыбкой на лице.
— Я полагаю, нам пора. Пойдемте, — прибавил Браун.
Пенелопа и Эрл завернули за угол, и Тина поспешила за ними. Через полминуты все трое стояли у ниши в стене дома в каком-то тихом переулке.
— Отлично, мы как раз вовремя, — Эрл посмотрел на наручные часы. — Без двух минут девять.
Затем он указал на консервную банку, лежащую в нише, и сказал:
— Мисс Голдштейн, вы прибудете в Париж при помощи портала. Это самый безопасный для вас способ. Порталы не контролируются Министерством Франции, к тому же их почти невозможно отследить…
Вдруг банка начала подрагивать, наливаясь голубым светом.
— Дорогая, у вас осталось несколько секунд до отбытия, пожалуйста, будьте осторожны, возможно, вас уже поджидают сторонники Геллерта… — скороговоркой проговорила Пенелопа.
Тина взялась за банку. Не успела она сказать что-то, как ее закрутило и понесло куда-то. Невидимые стены сжали ее со всех сторон, но через секунду все прекратилось.
Голдштейн неуклюже упала на спину. Отдышавшись, она открыла глаза и поднялась. Нью-Йоркский переулок исчез, а девушка стояла на краю пустынной парижской улицы.",24
/readfic/9513532?source=premium&premiumVisit=1,Пер-Лашез,/authors/4417464,Лиловая зефирка,1,Фантастические твари,Часть 3. Бродячий цирк,"      Встав на ноги после не самого удачного приземления, Тина поняла, что находится на краю одной из сотен маленьких парижских улочек. Вымощенная красно-серым камнем мостовая, изящные двухэтажные домики, небольшие деревца с розовато-белыми и кремовыми цветами, несколько магазинчиков и кафе, раскрытые окна, ловящие косые лучи утреннего солнца — все это выглядело как искусно сделанные игрушки, только в натуральную величину.

      Посмотрев по сторонам и не заметив ничего подозрительного, аврор пошла вдоль ряда светлых низких домов. Примерно в пятидесяти шагах впереди она увидела небольшое кафе и сразу направилась к нему, чтобы подкрепиться и составить какой-никакой план действий.

      Тина зашла в помещение. Оно оказалось небольшим, но довольно уютным — несколько круглых столиков, окно в пол в обрамлении шелковых занавесок, на каждом столике стоит свеча или горшочек с цветком. Вдоль дальней стены расположился прилавок, прямо за ним — приоткрытая дверь, ведущая, судя по всему, в кухню и кладовую.

      Голдштейн подошла к прилавку, и из-за двери тотчас выглянула пухлая женщина с рыжими кудрявыми волосами, собранными в пучок. Она была одета в простое голубое платье, поверх которого был повязан передник. Тепло улыбнувшись, она поспешила занять свое место у стойки.
— Здравствуйте, дорогуша! Чего желаете? — спросила она на французском.
— Здравствуйте, — ответила Тина с легким американским акцентом. — Я бы хотела один круассан и ягодный чай, пожалуйста.
— Прекрасно, — певучим голосом ответила владелица кафе, выдавая Тине чек. — с вас ровно два франка.

      Тина, которой мисс Уайтхаус предусмотрительно дала несколько маггловских франков, заплатила за еду и села за столик у окна. Как же все-таки найти Криденса? Может, наведаться после завтрака в магический район?

      Пока Голдштейн думала, хозяйка кафе принесла ей небольшой круглый поднос, на котором стояла белая изящная чашечка с чаем, а рядом теснились серебристая ложка, кусочек сахара и фарфоровое блюдце, на котором лежал аппетитно пахнущий круассан. Точно такие же как-то недавно делала дома Куинни… Нет, Порпентина, держи себя в руках — твоя сестра с Якобом и Ньютом, она в безопасности. И все же, надо будет зайти на магическую почту и отправить ей открытку.

      Примерно через полчаса Тина закончила завтракать и, распрощавшись с хозяйкой, вышла из кафе. Солнце поднялось еще выше, а на улице прибавилось людей. Аврор завернула в проулок и вытащила полученную в МАКУСА записку с адресами. Голдштейн пробежала по ней глазами и, увидев адрес магического района, сразу же направилась туда. Пришлось идти пешком (благо, пункт назначения был недалеко), потому что Тина ни разу не была в Париже, а трансгрессировать в плохо знакомое место было бы слишком опасно.

      Всего через четверть часа Тина стояла на живописном бульваре. Небольшие деревца, деревянные скамейки и фонтанчик в дальнем его конце создавали спокойную, умиротворенную атмосферу. Для попадания в магический район Тине требовалось пройти сквозь постамент со статуей сидящей девушки. Народу было мало, так что это не вызвало бы никаких затруднений, если бы не одно «но»: прямо перед статуей стоял один из маггловских патрульных.

      Голдштейн зашагала в сторону статуи и, подойдя на расстояние нескольких метров, прошептала:
— Конфундус.
В тот же миг патрульный начал неистово чихать, так что Тине не составило никакого труда проскользнуть в освободившийся проход.

      Выйдя с другой стороны статуи, Тина оказалась на широкой площади, которая была забита магами. Над их головами возвышался красочный шатер, в который и стремились почти все присутствующие. Над входом растянулась сверкающая надпись:

«Арканус»
«Волшебный цирк и шоу уродов»

      Понимая, что идти ей особо некуда, Тина решила купить билет и посмотреть шоу. Она будто почувствовала, что именно в этом цирке сможет узнать нечто очень важное.

       До выступления было еще несколько часов — оно должно было состоятся вечером, а сейчас было около полудня, так что Тина отправилась исследовать магический район. На площадь она вернулась как раз вовремя — толпа начинала постепенно заходить в шатёр.

      Через пару минут она и еще несколько десятков человек столпились вокруг небольшой арены, огражденной стальной решеткой. Вдруг Голдштейн почувствовала на себе чей-то взгляд. Быстро оглянувшись через плечо, она увидела низкого темнокожего мужчину в шляпе с пером. Он стоял на несколько рядов дальше и непрерывно смотрел на нее. Она напряглась, но тут раздался громкий басовитый голос:
— Леди и джентльмены! –торжественно раскинув руки, вещал с арены крупный бородатый мужчина. — Сегодня в нашем цирке странностей и уродств, встречайте… — многозначительная пауза. — Маледиктус! — Он ушел с арены и встал в стороне.
Через несколько секунд на арену медленно вышла азиатская девушка. Ее густые черные волосы были собраны в небрежный пучок, худощавую фигуру облегало зеленовато-синее платье с воланами на рукавах и подоле. Она пошла по кругу, внимательно оглядывая публику. Под маской равнодушия на ее лице проглядывалось отчаяние.

      Но тут Тина заметила движение у кулис. На арену выглянул Криденс.

      Голдштейн успела разглядеть его лицо, пока он несколько секунд с сожалением смотрел на маледиктуса. Но после сурового взгляда хозяина цирка юноша тотчас исчез за кулисами, и внимание Тины снова сосредоточилось на арене.

Тем временем стоящий около арены мужчина продолжал говорить.

— Эта тварь с проклятием крови не может жить, как нормальный человек…

Гневные крики и осуждающий свист толпы накрыли маледиктуса, но та, казалось, не замечала их. Неужели привыкла?

— Однако взгляните на нее. — Продолжал мужчина. — Она прекрасна. Но каждую ночь… — еще одна напряженная пауза. Публика стихла. — Она обречена превращаться! — Мужчина замер лицом к зрителям, вскинув руки. Ничего не случилось. — Она обречена… Превращаться! — И снова ничего. По толпе волной прокатился гулкий смех.
В ярости мужчина обернулся к маледиктусу и прорычал, сопровождая каждое слово ударом посоха по прутьям арены:
— Она! Обречена! Превращаться!

      Девушка обреченно подняла руки и неестественно выгнула спину. Тут же ее глаза почернели, ноги обратились в хвост, сливаясь с телом и руками. Вместо искаженного болью прекрасного лица появилась чешуйчатая голова, чернота глаз сузилась до двух вертикальных зрачков, сами глаза стали ярко-красными. Девушка обратилась в змею.

— И однажды она не сможет вновь стать человеком, и останется змеей навеки! — вскричал хозяин, театрально подняв руку. Тут же гибкое тело змеи сомкнулось в пружину, она в ярости бросилась на мужчину, но ее встретили только тяжелые холодные прутья клетки и издевательский смех толпы.

      После представления Тина поспешила за кулисы, где уже собирал реквизит дряхлый домовой эльф. Он окинул Тину недовольным взглядом, но ничего не сказал. Увидев впереди широкую спину хозяина цирка, она поспешила к нему.
— Прошу прощения, мистер…
— Скендер. Что вам надо? — Не слишком дружелюбно спросил мужчина. — Мы сейчас уезжаем отсюда.
— Я не займу у вас много времени. — быстро начала Голдштейн. — Меня интересует только тот юноша, который стоял за кулисами во время выступления маледиктуса. Что вы о нем знаете?
Скендер заметно рассердился.
— Мы не разглашаем информацию о наших актерах! Ничем не могу вам помочь, уж простите.

      Тина вышла из шатра ни с чем. В тот же момент эльф щелкнул пальцами, остаток реквизита и шатер левитировали на старую повозку, и цирк покинул магическую площадь, а Голдштейн оставалось лишь растерянно смотреть вслед. Она была так близко…

— Я могу вам чем-то помочь? — раздался за ее спиной мужской голос.
Тина развернулась, и ее рука рефлекторно дернулась к палочке, но стоявшего перед ней человека это ничуть не смутило. Тот самый мужчина, которого она видела в цирке.

— Я ненароком услышал, что вас интересует информация о том молодом человеке, Криденсе. Я прав?

      Тина все ее была слегка напугана, но не подавала виду. Ей нужны были любые зацепки.

— Да. Что вы о нем знаете? —
— Для начала, разрешите представиться. Юсуф Кама, — Мужчина протянул ей руку.
— Порпентина Голдштейн, — Тина ответила на рукопожатие.
— Что же, я действительно могу предоставить вам некоторую информацию. Пойдемте со мной.

      И два мага скрылись в сумерках Парижа.",24
/readfic/9513532?source=premium&premiumVisit=1,Пер-Лашез,/authors/4417464,Лиловая зефирка,1,Фантастические твари,Часть 4. Неожиданная встреча,"Путь был недолгим, но весьма запутанным. Спустя бесчисленное количество поворотов, Тина и Юсуф подошли к двери, ведущий в полуподвал какого-то старинного здания. Мужчина заклятием отпер дверь и, когда они зашли внутрь, начал говорить. 
- Мисс Голдштейн, по определенным обстоятельствам меня, как и вас, интересует Криденс. Его прошлое, если быть точнее, – Они шли по еле освещенному коридору, Стены которого были выложены сколотым в некоторых местах камнем. – Дело в том, что он может быть последним мужчиной в одном древнем роде. Скажите, вы слышали что-нибудь о Лестрейнджах? – Маги остановились около арки, ведущей куда-то во тьму.
- К сожалению, нет, – ответила Тина на вопрос Юсуфа.
- Я предполагаю, что Криденс может быть Корвусом Лестрейнджем, данные о котором были утеряны после крушения корабля восемнадцать лет назад… - Кама помедлил. – Но я сомневаюсь, что эта информация вам понадобится. – Он мгновенно вытащил палочку и направил ее на Тину. – Остолбеней! 
Тина выкрикнула: «Протего!», но опоздала буквально на долю секунды. Ее отбросило как раз в арку, наступила непроглядная темнота. Голдштейн услышала, как палочка, выпавшая из ее руки во время падения, со стуком подкатилась к ногам Юсуфа, и он, прошептав еще какое-то заклинание, ушел. Тина же провалилась в забвение.


	
	Когда Тина очнулась, в помещении было немного светлее. Она глубоко вздохнула и осторожно села. Комната, в которой находилась Тина, была довольно просторной и  напоминала склад какой-нибудь небольшой лавки. В углу лежала пара пустых деревянных ящиков, а в одной из стен было крошечное окно, в котором был виден кусочек сереющего предрассветного неба. Тина встала на ноги и посмотрела в сторону выхода. Сердце ее упало – арка была перекрыта решетчатой дверью, с другой стороны которой висел массивный замок. Проверив все карманы и тщательно обыскав комнату, Тина поняла, что Юсуф еще и забрал с собой ее палочку. «Блеск. Просто блеск.» - пронеслось в голове у девушки. Подойдя к окну, она начала лихорадочно соображать. Как выбраться отсюда? Что на такой случай говорил мистер Грейвс?.. 


В тяжелых раздумьях девушка провела еще несколько часов. В окно не вылезть – слишком узко, к тому же оно, как и дверь, было защищено заклятиями и «старой доброй» решеткой. Звать на помощь Тина пыталась, но на подвал, судя по всему, было наложено заглушающее заклятие. В конце концов, Тина просто села на пол у стены, спрятала лицо в ладонях и приняла очевидное: ей отсюда не выбраться. Да уж, не так она хотела умереть… В аврорате ее засмеяли бы. Даже мертвую. Она обессиленно закрыла глаза и, кажется, задремала. 

	Через примерно полчаса ее разбудили какие-то звуки, идущие со стороны арки. Голдштейн резко вскочила на ноги и замерла. Это сон или реальность?

 Отряхиваясь, с пола вставали Якоб и Ньют. 

	Зеленовато-ореховые глаза встретились с карими.
- Тина… - Только и смог прошептать магозоолог.
- Ньют… - Со странной смесью радости и замешательства на лице проговорила Тина.
Но их безмолвный диалог прервали громкие стуки и причитания из соседней комнаты.
- Ах, черт… Нет, нет, только не сейчас! – бормотал Юсуф Кама. 
В следующую секунду Тина услышала глухой стук упавшего тела. Она вместе с Якобом и Ньютом тут же подбежала к решетке. Прямо за ней, нелепо раскинув руки, без сознания лежал Юсуф. Из его кармана торчали концы палочек Ньюта и Тины. 

	Тут же решетка распахнулась, а из замка с гордым видом вылез Пикетт. Не менее гордой походкой лечурка вернулась в нагрудный карман пальто Саламандера. 
- Умница, Пикетт! – радостно воскликнул тот. Схватив палочки и Юсуфа, двое магов, не-маг и лечурка покинули холодный полуподвал.


- Так, и… куда нам идти теперь? – спросил Якоб.
- Ну, перед нашим с тобой отбытием Дамблдор дал мне карточку. Сказал, что в случае чего, она поможет нам найти безопасное место здесь, в Париже, – С этими словами Ньют действительно вытащил из кармана черного цвета карточку с золотистой стрелкой, которая, наподобие компаса, показывала в одну сторону. – Думаю, нам стоит идти туда, куда указывает стрелка. 

	И Ньют не ошибся. Спустя несколько минут вся компания вместе со все еще спящим Юсуфом стояла перед старым светло-серым домом. Застекленная дверь была не заперта, так что Якоб, Ньют и Тина без труда вошли внутрь, втащив следом и Юсуфа, которого с облегчением положили на стоящую рядом кушетку. 

	Тина оглядела комнату. Несмотря на жуткий бардак и пыль, выглядела она красиво. Светлый паркет, стены зеленовато-голубого цвета, лепнина, диванчики и столики с витыми ножками, Окна в пол   –   все это выглядело как жилище истинного аристократа. 

	Якоб пошел осматривать дом, Ньют – в чемодан, возится с каким-то пойманным по пути в ловушку Юсуфа зверем, а Тина просто ходила по помещению, осматривая потрепанные пыльные книги в шкафах и изредка поглядывая на спящего Юсуфа. 

	Через десять минут Тина, сидящая в кресле, услышала странные звуки из приоткрытого чемодана Ньюта. Было похоже на гневное рычание какого-то крупного животного и глухие удары лап по земле. Она заволновалась. Обида обидой, но ей совсем не хотелось, что бы Ньют пострадал. В эту же минуту в комнату вошел Якоб. Он постоял, переводя взгляд с обеспокоенной Тины на открытый чемодан, после чего подошел к чемодану и неуверенно сказал:
- Эээ… Ньют? Тут Тина, и ей вроде скучно… может, ты выйдешь и составишь ей компанию?..
Ответа не последовало, но через полминуты из недр чемодана появился запыхавшийся, чуть помятый и пыльный, но вполне живой магозоолог. Увидев это, Тина снова натянула на лицо маску равнодушия. 
- Мистер Саламандер, вы можете сказать, через сколько примерно очнется Юсуф? Мне надо у него кое-что узнать, – холодно спросила Голдштейн.

	В глазах Ньюта промелькнуло замешательство. Мистер Саламандер? Тина что, расстроилась все же из-за той глупой статьи? 

- Лучше я его осмотрю. – сказал Ньют, подходя к кушетке Юсуфа, рядом с которой сидела Тина. Он склонился над магом и вдруг уловил в его глазу какое-то движение. 
- Люмос. – прошептал Саламандер, и его опасения подтвердились – в глазу прочно засел паразит, чем-то напоминающий очень маленького кальмара.  – Якоб, принеси, пожалуйста, пинцет. Он лежит на столе в моем чемодане. 
- Пинцет. Ага, – пробормотал Якоб, сосредоточенно хмуря брови. 
- Он для мелких предметов… - подсказала Тина.
- Да знаю я, что такое пинцет! – с наигранным раздражением воскликнул Якоб и удалился в чемодан. 

	Тина осталась наедине с Ньютом. Это было, наверное, самое неловкое молчание в ее жизни. Изредка она ощущала на себе взгляд магозоолога, но сама старательно смотрела на пол, окно и Юсуфа. Слава Мерлину, Якоб быстро принес пинцет и разорвал эту гнетущую тишину своим радостным «Нашел!». Ньют тоже сразу почувствовал себя свободнее, схватил пинцет из руки друга и бросился к лежащему Юсуфу.
- Тебе лучше не смотреть, зрелище не из приятных, – мягко сказал он, обращаясь к Тине. 
- Ничего, я справлюсь, – ответила та, стараясь сделать голос как можно более непринужденным. 

	Ньют неуверенно кивнул и занес пинцет над открытым глазом Юсуфа. Взяв палочку, на конце которой все еще светился огонек, в зубы, он двумя руками как можно аккуратнее извлек странное кальмарообразное существо из глаза несчастного. Пару секунд тело Юсуфа судорожно дергалось, но потом он затих и вновь провалился в сон, изредка бормоча бессвязные слова, среди которых слышалось «Криденс…». И эти слова совсем не успокаивали Тину. 

	Тем временем Ньют передал пинцет с паразитом Якобу и вновь склонился над Юсуфом.
- Ух ты… Кальмарчик… - нервно засмеялся Ковальски, принимая пинцет и держа его на расстоянии вытянутой руки, будто существо могло как-то навредить ему. 

- Яд этого паразита будет удерживать его в обмороке еще несколько часов, – подал голос Ньют.
Но Тина его не расслышала. В ее голове начал складываться план. Юсуф, предполагал, что она погибнет в том подвале и не сможет никак использовать полученные от него знания. Он думает, что Криденс – это на самом деле Корвус Лестрейндж… Ну конечно! 
	
Тина с горящими глазами вскочила с кресла, и с радостным «Мне нужно в Министерство!» вылетела из дома и чуть ли не бегом пошла по улице. Да, ее план был очень рискованным – проникнуть в архив Министерства магии Франции, найти там информацию о семье Лестрейндж и выяснить наконец, кто такой Криденс. Затем она найдет его, расскажет ему правду, и он вернется в Нью-Йорк! Грин-де-Вальд не получил свое оружие, мир спасен, на их стороне мальчик с огромным магическим потенциалом, идеально!..
	Активный ход ее мыслей прервал оклик.
- Тина! Тина, постой! – за ней, с чемоданом на перевес, бежал Ньют. – Прошу, выслушай меня!
- Мистер Саламандер, я тороплюсь в министерство. И я знаю, как вы относитесь к мракоборцам вроде меня,  -   проговорила Тина, чуть сбавляя шаг. 
- Возможно, я слишком резко выразился в том письме…
- Хм, как же звучала эта фраза? «Шайка лицемерных карьеристов»? – С издевкой спросила Тина.
- Я не могу восхищаться людьми, у которых на все непонятное одна реакция – убить!
- Я мракоборец, и я не такая, – жестко ответила Тина, снова прибавляя шаг.
- Это потому что у тебя средняя голова, – Ньют сказал это таким тоном, будто пытался объяснить что-то абсолютно очевидное. 
Тина резко остановилась и повернулась к нему лицом.
- Что ты только что сказал? – спросила она, не понимая, злится ей или нет.
- Это выражение пошло от трёхголового Оттискруна, – начал маг. – У него средняя голова для фантазий. Почти каждый мечтает убить Криденса, кроме тебя. Средняя голова. 
Повисло неловкое молчание, которое через несколько секунд прервала Тина:
- Кто-то еще использует этот оборот, мистер Саламандер?
- Ну, возможно, только я, – ответил тот, пожимая плечами. 

	Вдруг начало происходить что-то странное. Небо потемнело всего за несколько секунд,  будто покрывшись тучами, хотя до этого светило солнце и не было ни облачка. С ужасом Тина поняла, что это совсем не тучи. Сотни полупрозрачных черных полотен накрывали Париж. 
- Грин-де-Вальд… Он созывает приспешников! – с нескрываемым ужасом в голосе прошептала Голдштейн. 
- Ну, тогда мы должны спешить! – и Ньют с Тиной со всех ног кинулись к Министерству. 
",24
/readfic/9513532?source=premium&premiumVisit=1,Пер-Лашез,/authors/4417464,Лиловая зефирка,1,Фантастические твари,Часть 5. Министерство магии Франции,"
      Хвала небесам – министерство было недалеко. Тина уже собиралась забежать в сквер, где был расположен вход, но Ньют резко потянул ее в сторону, в подворотню.
- Что ты… - начала Тина, но маг шикнул на нее и начал что-то искать в карманах пальто.
Наконец он вытащил небольшой пузырек из синего стекла, внутри которого была какая-то мутная жидкость, которую Ньют залпом выпил. Тут же его лицо начало пузырится, как кипящий воск. Немного изменились черты лица, глаза из орехово-зеленоватых превратились в насыщенно-карие, с кожи исчезли веснушки, а волосы стали менее кудрявыми и сильно потемнели. 
- Но кто… - снова начала Тина, и Ньют опять ее перебил:
- Мой брат Тесей. Мракоборец и любитель обниматься. – Саламандер схватил чемодан и побежал к скверу, и Тина поторопилась за ним.



	Уже через несколько минут оба были в Министерстве. Повсюду бегали маги с очень обеспокоенными лицами – конечно, не только Тина с Ньютом заметили призыв Геллерта. Причем в здании были не только французы – другие страны также прислали своих мракоборцев для борьбы с армией Грин-де-Вальда. Но всеобщая суматоха, царившая в тот момент в холле, была только на руку Ньюту и Тине – они смогли беспрепятственно попасть в самое сердце Министерства и уже торопливым шагом направлялись к архиву. Маги как раз пересекали зал, в котором за столами с деловитым видом сидели французы и перебирали бумаги, когда Ньют понял, что его раскрыли. Прямо на него с нескрываемым гневом смотрел Тесей, облик которого и позаимствовал младший Саламандер. В этот момент действие Оборотного зелья стало сходить на нет, и Ньют с Тиной, не сговариваясь, рванули прямо через зал и дальше – по коридору. Когда они добежали примерно до середины коридора, к Ньюту окончательно вернулся его внешний вид, а по громкоговорителям стали вещать что-то на французском, но что – ни Тина, ни Ньют не понимали. Зато они прекрасно поняли, что кричал бежавший за ними Тесей:
- Ньют! Остановись немедленно! НЬЮТ!
- Кажется, я уже говорил тебе, - слегка задыхаясь, пролепетал магозоолог, обращаясь к Тине – что у нас с ним весьма сложные отношения…
- Он хочет тебя убить? – без тени иронии спросила та.
- Периодически. – Выдохнул Ньют, и они забежали в еще один зал. Его неспешно пересекали двое стариков с тележками, нагруженными чемоданами. 

	Когда Ньют и Тина Перебежали на другую сторону зала, в него ворвался Тесей. Глаза метают молнии, мокрый от пота лоб, взлохмаченные волосы и одышка от долгого бега – вид угрожающий. Заклятием он метнул в брата чемоданы с тележек, но Тина вовремя остановила их.
- Ему стоит научится контролировать свой гнев. – бросила она, после чего ловко привязала Тесея к рядом стоящему стулу невербальным «Инкацеро».
-  Это лучший момент в моей жизни! – с улыбкой сказал магозоолог. Взмахнув палочкой, он вернул чемоданы на место, и они с Тиной продолжили свой путь к архиву. 


      Не прошло и минуты, как Тина, а за ней и Ньют, подошли к стеклянным дверям. Войдя, они увидели стол, за которым сидела миловидная пожилая француженка.
- Puis-je vous aider? (Чем я могу вам помочь? – фр.) – спросила она, внимательно оглядывая вошедших. 
- Да… - Неуверенно начал Ньют. – Это Лита Лестрейндж, а я ее… - Он запнулся.
- …жених. – Закончила за него Тина и сразу же поймала на себе удивленный взгляд магозоолога. 
Француженка пробежала взглядом по какому-то документу, лежащему на столе, затем посмотрела на Тину и Ньюта, и с легкой улыбкой сказала:
- Allez-y. (Проходите. – фр.)
- Мерси. – поблагодарила ее Тина.
- Спасибо. – неловко шепнул Саламандер, заходя в основную часть архива.




	Маги шли вдоль длинных рядов стеллажей с бесчисленным количеством ячеек, на которых были написаны всевозможные имена и фамилии. Тина сосредоточенно оглядывала ближайший стеллаж, как вдруг услышала за спиной нервный голос Ньюта.
- Тина, вся эта история с моей невестой…
- Ой, прости, забыла тебя поздравить. – ответила Тина, пытаясь скрыть вновь нахлынувшую обиду. 
- Э нет, я как раз… - начал Ньют, но Тина его не слушала.
- Люмос! – на конце палочки загорелся огонек, и темнота архива немного отступила. – Лестрейндж. – никакого эффекта. 
Ньют снова предпринял попытку все объяснить Тине.
- Тина, на счет Литы. Она…
- Да, я безумно рада за вас. – раздраженно перебила его Тина. Только сбивчивых объяснений сейчас не хватает.
 - Нет, не надо! – Ньют тоже сильно утомился от такого отношения Тины к нему. – Ни к чему тебе быть счастливой!
 
	Тина резко развернулась и вопросительно подняла брови. 

- Нет, нет, прости. – Начал сбивчиво объяснять Саламандер. – Я хочу, чтобы ты была счастлива. И я слышал, что ты уже счастлива, и это прекрасно. – Он опять замялся, уставившись в пол. – Прости, я хотела сказать, что ты будь счастлива, но не будь счастлива за меня… - он выдохнул. – потому что я… я не счастлив. 
Тина хотела что-то сказать, но Ньют перебил ее.
- И не помолвлен.
Гнев и обида в глазах Тины рассеялись, а с души как будто упал огромный камень, который не давал свободно вздохнуть все прошлые дни. 
- Что?.. – только и смогла прошептать она. 
- В том глупом журнале была ошибка. – Ньют стал говорить спокойнее. – Мои брат жениться на Лите, не я. Я буду шафером, что тоже довольно странно… 
- Он думает, что ты хочешь вернуть ее? – Тина вздохнула и задала вопрос, который мог запросто разрушить все только то выстроившиеся иллюзии. – За этим ты и приехал во Францию?
Саламандер выдохнул. – Нет, я приехал… - снова неловкая пауза.
Ньют поднял смущенный взгляд на Тину и начал говорить, как будто не осознавая, что делает: 
- Знаешь, у тебя глаза, как… - пауза. Ньют снова смотрел в пол.
- Как что? 
Он опомнился. 
- Я… не должен этого говорить. 

	И снова пауза.

	В следующий миг оба заговорили одновременно.
- Ньют, я читала твою книгу…
- Я вырезал твою фотографию… Стой, ты читала ее?
	
	Ньют достал из кармана синего пальто фотографию Тины. Он снова смотрит на девушку и начинает говорить. 
- Я… Ну, у меня твоя фотография из одной газеты. У тебя тут глаза такие необычные… - Переводит взгляд на фото и опять на Тину. - И в жизни они такие же, Тина. Они как огонек в воде, в темной воде. – Он вздохнул. – Такие глаза я видел только… Такие глаза я видел только у с… - Запнулся.  
- Саламандры… - дрожащий шепот Тины приводит его в чувства. 

	Но чьи-то шаги прервали столь трогательный момент. 
- Бежим – шепнула Тина и поволокла Ньюта в один из узких проходов между стеллажами. 
- Лестрейндж. – твердо сказал очень знакомый Ньюту (но не Тине) голос, как только ни скрылись.
В тот же миг стеллажи начали хаотично двигаться, и магам пришлось зацепиться за один из них. 	Вскоре движение прекратилось, а Ньют с Тиной оказались совсем близко к девушке, пришедшей в архив – их разделял только стеллаж. 

	Вдруг послышался тоненький писк, и Тина поняла – Пикетт ненароком их раскрыл, попавшись на глаза неизвестной. Голос прошептал что-то, и стеллаж медленно повернулся.
- Привет, Ньют. – Сказала ничуть не удивленная Лита. 
- Привет, Лита. – В голосе Ньюта было куда больше неуверенности, чем у его старой подруги. 
- Привет. – Смущенно глядя на Литу, пролепетала Тина. Так вот она какая, Лита Лестрейндж…

	Внезапно все трое услышали рычание. На лицах магов застыл ужас, а Пикетт быстро спрятался в карман Ньюта. Прямо на них шла та самая «милая француженка», которую Ньют с Тиной встретили на входе в архив. Перед ней, угрожающе оскалив зубы, шли три зверя. Они были полностью черные, чем-то похожие на кошек породы сфинкс. Бело-голубые светящиеся глаза, острые, как бритва, клыки и когти. По размерам эти «котики» были с очень крупного ротвейлера. 
- Кто это?.. – прошептала Лита, обращаясь к Ньюту. 
- Это матаготы, и они фамильяры. Но они не тронут, если…
- Остолбеней! – нервы Литы не выдержали, и она метнула в одного из матаготов заклятие. 
- …если на них не напасть. – удрученно закончил Ньют. 
- Ой! – Воскликнула Лита, и, разбежавшись, запрыгнула на стеллаж, примостившись между Тиной и Ньютом. Сразу же все снова пришло в движение, вставая на свои места. Между стеллажами сновали матаготы, пытаясь добраться до незваных гостей. Троица спрыгнула с чемодана.
- Залезайте! – крикнул Ньют, открыв чемодан. 
Он залез сразу за девушками, и вовремя – в тот же миг все стеллажи ушли под пол, оставив на виду лишь чемодан. 

	Затем Тина увидела, как Ньют верхом на зуву выскочил из чемодана, и зверь, видимо, сразу же вступил в схватку с матаготами. Тина же была готова в любой момент выйти и помочь Ньюту, но ее помощь, к счастью, так и не потребовалась.

	Буквально через несколько минут чемодан снова открылся, и внутрь пахнуло прохладным ночным воздухом. Лита тут же выскочила наружу, Тина неуклюже последовала за ней. Когда девушки вылезли, перед ними предстала следующая картина: зуву ласково лизал Ньюту голову и… мурлыкал! Зверь, который еще несколько часов назад был абсолютно диким и запуганным, уже успел довериться магу и, вполне возможно, спасти жизнь всем троим волшебникам. 
	
	Выяснилось, что Ньют с чемоданом и зуву трансгрессировал на улицу около какого-то парка. Лита и Ньют, уставший сопротивляться чересчур крепким объятиям магического кота, остались в парке, Тина же быстро спустилась в чемодан, взяла погремушку, которую Ньют использовал, чтобы успокоить зуву, и вернулась обратно. Стоило ей потрясти погремушкой, как зуву замер, с обожанием посмотрел на игрушку, а затем прыгнул вслед за ней в чемодан. Ньют облегченно вздохнул.
- Ну… полагаю, теперь нам стоит спешить. – сказал он. – на Пер-Лашез? 

	Девушки утвердительно кивнули, и все трое трансгрессировали. 
",24
